<!--
  ~ This file is part of Pynguin.
  ~
  ~ SPDX-FileCopyrightText: 2019–2022 Pynguin Contributors
  ~
  ~ SPDX-License-Identifier: LGPL-3.0-or-later
  -->

<component name="ProjectRunConfigurationManager">
  <configuration default="false" name="pynguin: RANDOM, 60s" type="PythonConfigurationType" factoryName="Python" folderName="example">
    <module name="pynguin" />
    <option name="INTERPRETER_OPTIONS" value="" />
    <option name="PARENT_ENVS" value="true" />
    <envs>
      <env name="PYTHONUNBUFFERED" value="1" />
      <env name="PYTHONHASHSEED" value="0" />
      <env name="PYNGUIN_DANGER_AWARE" value="" />
    </envs>
    <option name="SDK_HOME" value="" />
    <option name="WORKING_DIRECTORY" value="$PROJECT_DIR$/pynguin" />
    <option name="IS_MODULE_SDK" value="true" />
    <option name="ADD_CONTENT_ROOTS" value="true" />
    <option name="ADD_SOURCE_ROOTS" value="true" />
    <EXTENSION ID="PythonCoverageRunConfigurationExtension" runner="coverage.py" />
    <option name="SCRIPT_NAME" value="$PROJECT_DIR$/pynguin/__main__.py" />
    <option name="PARAMETERS" value="--algorithm RANDOM --project-path $PROJECT_DIR$/docs/source/_static --output-path /tmp/pynguin-results --module-name queue_example --maximum_search_time 60 --seed 42 --statistics-backend CONSOLE -v" />
    <option name="SHOW_COMMAND_LINE" value="false" />
    <option name="EMULATE_TERMINAL" value="true" />
    <option name="MODULE_MODE" value="false" />
    <option name="REDIRECT_INPUT" value="false" />
    <option name="INPUT_FILE" value="" />
    <method v="2" />
  </configuration>
</component>
